City_ID,City,Lat,Lng,Max Temp,Humidity,Cloudiness,Wind Speed,Country,Date
0,rikitea,-23.1203,-134.9692,76.95,84,100,25.75,PF,1678226997
1,bethalto,38.9092,-90.0407,53.22,63,53,4.0,US,1678226997
2,revda,56.801,59.9303,18.68,93,98,10.4,RU,1678226998
3,albany,42.6001,-73.9662,31.17,58,95,8.01,US,1678226934
4,upernavik,72.7868,-56.1549,7.39,93,71,5.39,GL,1678226998
5,bluff,-46.6,168.3333,62.69,81,10,4.43,NZ,1678226999
6,dingli,35.8614,14.3822,53.82,82,20,9.22,MT,1678226999
7,port alfred,-33.5906,26.891,70.18,95,100,3.0,ZA,1678227000
8,khatanga,71.9667,102.5,-35.36,100,96,4.36,RU,1678227000
9,mataura,-46.1927,168.8643,70.5,56,23,4.16,NZ,1678227001
10,jamsa,61.8642,25.19,11.12,95,100,6.51,FI,1678227001
11,ushuaia,-54.8,-68.3,49.62,94,95,10.56,AR,1678227001
12,bereda,43.2686,-7.5406,54.41,85,99,11.68,ES,1678227002
13,tromso,69.6496,18.957,8.62,78,0,1.14,NO,1678227003
14,camocim,-2.9022,-40.8411,80.4,79,11,16.4,BR,1678226748
15,bredasdorp,-34.5322,20.0403,64.42,87,96,1.83,ZA,1678227004
16,bambous virieux,-20.3428,57.7575,75.22,82,86,13.49,MU,1678227004
17,okhotsk,59.3833,143.3,-11.24,88,100,6.58,RU,1678227004
18,tuatapere,-46.1333,167.6833,67.44,69,6,3.89,NZ,1678227005
19,sylvania,41.7189,-83.713,44.96,39,0,4.61,US,1678227005
20,ponta do sol,32.6667,-17.1,66.7,83,98,5.26,PT,1678226774
21,zhigansk,66.7697,123.3711,-31.5,100,95,7.65,RU,1678227006
22,ocos,14.5094,-92.1933,86.18,64,100,9.69,GT,1678226727
23,hithadhoo,-0.6,73.0833,82.47,74,20,12.1,MV,1678227006
24,pakokku,21.3333,95.1,77.72,30,4,1.66,MM,1678227007
25,port hedland,-20.3167,118.5667,82.45,89,40,5.75,AU,1678227007
26,mauganj,24.6833,81.8833,73.36,30,97,5.64,IN,1678227008
27,norman wells,65.282,-126.8329,-2.16,65,0,11.5,CA,1678226755
28,ribeira grande,38.5167,-28.7,60.78,83,18,25.01,PT,1678227009
29,tuktoyaktuk,69.4541,-133.0374,-7.73,87,19,14.88,CA,1678227009
30,baracoa,20.3467,-74.4958,77.45,58,0,6.33,CU,1678227010
31,kieta,-6.2167,155.6333,79.34,81,100,1.39,PG,1678226872
32,mar del plata,-38.0023,-57.5575,75.94,74,37,1.99,AR,1678227011
33,bathsheba,13.2167,-59.5167,79.41,69,20,12.66,BB,1678227011
34,san carlos de bariloche,-41.1456,-71.3082,59.2,57,100,7.38,AR,1678226997
35,ugoofaaru,5.6667,73.0,80.76,78,8,13.62,MV,1678227012
36,fortuna,40.5982,-124.1573,46.65,93,100,11.5,US,1678227012
37,vaini,-21.2,-175.2,82.56,61,20,8.05,TO,1678227012
38,beira,-19.8436,34.8389,75.06,84,3,8.79,MZ,1678226880
39,namibe,-15.1961,12.1522,70.32,80,45,2.89,AO,1678226793
40,funadhoo,6.15,73.2667,80.58,78,6,11.5,MV,1678227013
41,pozoblanco,38.3791,-4.8483,52.47,87,99,6.96,ES,1678227013
42,neiafu,-18.65,-173.9833,84.88,70,75,5.75,TO,1678227014
43,ondjiva,-17.0667,15.7333,73.83,48,33,4.12,AO,1678227014
44,narsaq,60.9167,-46.05,35.82,76,19,8.21,GL,1678226789
45,aden,12.7794,45.0367,77.85,75,17,18.19,YE,1678227015
46,severo-kurilsk,50.6789,156.125,33.12,93,97,8.57,RU,1678226741
47,souillac,-20.5167,57.5167,77.59,85,89,11.34,MU,1678227016
48,touros,-5.1989,-35.4608,80.55,79,97,15.82,BR,1678226891
49,avarua,-21.2078,-159.775,86.05,79,75,13.8,CK,1678227016
50,sesheke,-17.4759,24.2968,73.33,72,100,1.52,ZM,1678227017
51,upata,8.0086,-62.3989,81.72,53,95,6.26,VE,1678227017
52,tiksi,71.6872,128.8694,-13.45,96,100,5.93,RU,1678226749
53,cape town,-33.9258,18.4232,70.38,71,100,7.0,ZA,1678226985
54,katsuura,35.1333,140.3,55.94,64,0,7.94,JP,1678227018
55,te anau,-45.4167,167.7167,64.54,76,30,5.23,NZ,1678227018
56,camopi,3.1655,-52.3158,73.94,90,93,3.6,GF,1678227019
57,barrow,71.2906,-156.7887,21.22,86,0,9.22,US,1678227019
58,provideniya,64.3833,-173.3,16.0,92,100,1.01,RU,1678227019
59,port shepstone,-30.7414,30.455,73.15,90,32,11.03,ZA,1678226912
60,luoyang,34.6836,112.4536,60.46,22,100,3.69,CN,1678227020
61,sur,22.5667,59.5289,76.15,47,5,7.43,OM,1678227021
62,jamestown,42.097,-79.2353,33.71,51,0,19.57,US,1678226832
63,sovetskiy,61.3614,63.5842,-6.03,96,100,4.7,RU,1678227021
64,faanui,-16.4833,-151.75,82.02,73,96,14.0,PF,1678226847
65,nanortalik,60.1432,-45.2371,29.95,84,43,5.08,GL,1678227022
66,atuona,-9.8,-139.0333,79.61,76,52,8.59,PF,1678227023
67,asfi,32.2994,-9.2372,61.41,93,27,5.84,MA,1678227024
68,zyryanka,65.75,150.85,-16.29,91,100,5.1,RU,1678227024
69,kapaa,22.0752,-159.319,80.47,60,1,3.0,US,1678227024
70,grindavik,63.8424,-22.4338,19.87,58,40,31.07,IS,1678227025
71,hobart,-42.8794,147.3294,51.66,70,75,24.16,AU,1678226871
72,saint-philippe,-21.3585,55.7679,78.39,88,82,11.54,RE,1678227025
73,malanville,11.8685,3.3899,88.93,18,92,4.23,BJ,1678227026
74,fez,34.0372,-4.9998,59.25,94,75,4.61,MA,1678227026
75,kirksville,40.1948,-92.5833,48.15,56,0,13.8,US,1678226861
76,kunya,12.2233,8.5325,82.13,11,86,3.76,NG,1678227027
77,port blair,11.6667,92.75,78.12,75,4,9.22,IN,1678227028
78,terenos,-20.4422,-54.8603,76.71,88,40,2.3,BR,1678226827
79,hilo,19.7297,-155.09,82.27,81,75,13.8,US,1678227015
80,maniitsoq,65.4167,-52.9,24.71,91,7,10.96,GL,1678227029
81,kaitangata,-46.2817,169.8464,67.87,60,74,3.11,NZ,1678227029
82,segovia,41.1667,-4.0,47.43,83,85,8.97,ES,1678227029
83,half moon bay,37.4636,-122.4286,58.41,59,75,9.22,US,1678227030
84,puerto ayora,-0.7393,-90.3518,87.76,92,100,8.01,EC,1678227030
85,ixtapa,20.7,-105.2,74.43,64,20,12.66,MX,1678227031
86,kodiak,57.79,-152.4072,40.51,65,0,3.44,US,1678227031
87,basco,20.4487,121.9702,71.74,65,72,14.56,PH,1678227031
88,petropavlovsk-kamchatskiy,53.0452,158.6483,18.19,73,75,6.71,RU,1678227032
89,guaruja,-23.9931,-46.2564,83.89,26,99,1.99,BR,1678227032
90,cabo san lucas,22.8909,-109.9124,79.61,41,40,8.05,MX,1678226817
91,yuzhou,34.1628,113.4639,61.48,41,100,6.24,CN,1678227033
92,miles city,46.4083,-105.8406,20.37,73,100,11.5,US,1678227033
93,punta arenas,-53.15,-70.9167,51.91,62,40,25.32,CL,1678227034
94,eenhana,-17.4667,16.3333,71.62,55,38,7.02,NA,1678227034
95,balkanabat,39.5108,54.3671,47.55,83,4,5.39,TM,1678227034
96,cherskiy,68.75,161.3,-30.33,97,39,3.04,RU,1678226764
97,carnarvon,-24.8667,113.6333,77.72,76,0,13.87,AU,1678227035
98,bethel,41.3712,-73.414,40.66,51,100,25.32,US,1678227035
99,inta,66.0317,60.1659,-20.51,97,19,6.8,RU,1678227036
100,kosikha,53.3617,84.5822,36.64,100,100,16.69,RU,1678227036
101,penzance,50.1186,-5.5371,46.76,93,100,26.33,GB,1678227038
102,butaritari,3.0707,172.7902,81.68,73,57,14.9,KI,1678227039
103,korla,41.7597,86.1469,45.48,50,1,2.28,CN,1678227039
104,thompson,55.7435,-97.8558,8.11,81,100,4.99,CA,1678227040
105,saint george,37.1041,-113.5841,58.42,32,0,9.22,US,1678227040
106,platikambos,39.6167,22.5333,47.39,93,20,0.0,GR,1678227040
107,nikolskoye,59.7035,30.7861,19.29,97,83,5.12,RU,1678227041
108,yellowknife,62.456,-114.3525,5.79,88,99,9.84,CA,1678227028
109,gisborne,-38.6533,178.0042,65.19,58,2,1.79,NZ,1678227041
110,busselton,-33.65,115.3333,57.63,68,95,13.94,AU,1678227042
111,dikson,73.5069,80.5464,-36.18,99,44,6.26,RU,1678227042
112,lebu,-37.6167,-73.65,62.96,84,99,12.39,CL,1678227042
113,wahiawa,21.5028,-158.0236,75.52,47,75,10.36,US,1678227042
114,airai,-8.9266,125.4092,59.52,88,100,1.5,TL,1678227043
115,yokadouma,3.5167,15.05,74.95,46,55,1.95,CM,1678227043
116,asau,46.4333,26.4,38.28,82,100,7.16,RO,1678227044
117,yar-sale,66.8333,70.8333,-9.08,95,98,14.56,RU,1678227044
118,cayenne,4.9333,-52.3333,80.64,78,20,6.91,GF,1678227044
119,bengkulu,-3.8004,102.2655,74.34,87,23,3.85,ID,1678227045
120,tasiilaq,65.6145,-37.6368,17.76,84,66,4.07,GL,1678227045
121,scarborough,54.2797,-0.4044,30.65,83,55,5.12,GB,1678227045
122,salinas,36.6777,-121.6555,57.42,48,0,13.8,US,1678227046
123,antofagasta,-23.65,-70.4,78.08,71,11,9.69,CL,1678227046
124,coahuayana,18.7333,-103.6833,83.28,55,57,8.01,MX,1678226857
125,gazli,40.1333,63.45,55.22,56,98,30.91,UZ,1678227046
126,nemuro,43.3236,145.575,32.77,91,25,9.04,JP,1678227047
127,san patricio,28.017,-97.5169,86.72,57,26,17.76,US,1678227047
128,yerbogachen,61.2767,108.0108,20.3,95,100,8.34,RU,1678227047
129,nioro,13.35,-15.75,88.52,16,80,4.03,GM,1678227048
130,hamilton,39.1834,-84.5333,51.26,38,0,14.97,US,1678226758
131,beringovskiy,63.05,179.3167,-7.56,85,7,2.3,RU,1678227048
132,chapais,49.7834,-74.8492,19.18,93,100,11.92,CA,1678227049
133,broome,42.2506,-75.833,32.9,68,100,16.11,US,1678227049
134,cidreira,-30.1811,-50.2056,75.45,87,18,5.79,BR,1678227049
135,longyearbyen,78.2186,15.6401,8.44,61,75,11.5,SJ,1678227050
136,hasaki,35.7333,140.8333,37.8,61,0,7.94,JP,1678227050
137,kloulklubed,7.0419,134.2556,77.5,79,33,12.06,PW,1678227051
138,bath,51.3779,-2.3591,37.94,86,100,6.98,GB,1678226963
139,lorengau,-2.0226,147.2712,79.11,83,100,8.77,PG,1678227051
140,mount isa,-20.7333,139.5,69.57,100,75,18.41,AU,1678227051
141,hermanus,-34.4187,19.2345,64.8,86,100,4.29,ZA,1678227052
142,otradnoye,59.7775,30.8181,19.45,97,84,5.01,RU,1678227052
143,denpasar,-8.65,115.2167,76.71,100,75,2.3,ID,1678226872
144,castro,-24.7911,-50.0119,66.96,81,83,5.84,BR,1678227052
145,eureka,40.8021,-124.1637,46.92,88,100,3.0,US,1678226815
146,margate,51.3813,1.3862,36.9,92,72,3.29,GB,1678227053
147,lhokseumawe,5.1801,97.1507,76.08,81,39,2.21,ID,1678227053
148,ostrovnoy,68.0531,39.5131,7.05,95,97,5.23,RU,1678227054
149,sanmenxia,34.7747,111.1814,57.15,34,100,3.06,CN,1678227054
150,mahebourg,-20.4081,57.7,75.25,82,87,13.2,MU,1678227054
151,victoria,22.2855,114.1577,67.32,88,1,5.99,HK,1678227055
152,acapulco,16.8634,-99.8901,84.02,70,0,12.66,MX,1678226792
153,baykit,61.67,96.37,16.12,91,95,7.99,RU,1678227055
154,maridi,4.9158,29.4742,77.16,36,75,3.58,SS,1678227055
155,faya,18.3851,42.4509,57.72,59,80,3.04,SA,1678227056
156,foz,43.5692,-7.2544,56.5,74,100,15.9,ES,1678227056
157,santa maria da vitoria,-13.3947,-44.1886,77.83,69,90,2.84,BR,1678227057
158,new norfolk,-42.7826,147.0587,51.3,71,86,8.01,AU,1678227057
159,ypsonas,34.6884,32.9574,56.37,72,0,1.14,CY,1678227058
160,puerto baquerizo moreno,-0.9,-89.6,77.99,94,100,3.44,EC,1678227058
161,bosobolo,4.1833,19.9,84.54,41,100,1.92,CD,1678227059
162,okha,53.5739,142.9478,10.08,97,94,5.84,RU,1678227059
163,klaksvik,62.2266,-6.589,29.32,61,100,26.69,FO,1678227060
164,bambanglipuro,-7.95,110.2833,74.57,90,47,3.33,ID,1678227061
165,constitucion,-35.3333,-72.4167,63.37,76,98,4.92,CL,1678227061
166,isangel,-19.55,169.2667,79.92,65,34,11.05,VU,1678227062
167,saint augustine,29.8947,-81.3145,87.15,77,0,3.98,US,1678226961
168,chitungwiza,-18.0127,31.0756,65.44,84,19,5.21,ZW,1678227062
169,fergus falls,46.283,-96.0776,31.15,72,100,6.91,US,1678227063
170,maragogi,-9.0122,-35.2225,79.79,79,100,11.32,BR,1678226771
171,sao francisco,-15.9486,-44.8644,71.46,87,98,2.98,BR,1678227063
172,east london,-33.0153,27.9116,71.42,92,100,14.38,ZA,1678227064
173,north bend,43.4065,-124.2243,44.17,84,75,16.11,US,1678226945
174,guipavas,48.4352,-4.3972,48.52,100,100,12.66,FR,1678227064
175,myitkyina,25.3833,97.4,62.69,54,91,2.19,MM,1678227065
176,sao filipe,14.8961,-24.4956,74.32,72,0,5.06,CV,1678227065
177,afua,-0.1567,-50.3867,75.42,95,100,6.58,BR,1678227066
178,vila velha,-20.3297,-40.2925,78.94,86,75,8.05,BR,1678227066
179,olinda,-8.0089,-34.8553,82.13,69,40,10.36,BR,1678227067
180,ahuimanu,21.4447,-157.8378,78.51,74,75,11.5,US,1678227067
181,college,64.8569,-147.8028,36.59,74,40,0.0,US,1678227068
182,havre-saint-pierre,50.2334,-63.5986,41.36,75,100,14.97,CA,1678227068
183,kathu,7.9178,98.3332,75.02,79,1,10.38,TH,1678227068
184,dickinson,29.4608,-95.0513,84.15,78,75,11.5,US,1678226938
185,debre birhan,9.6833,39.5333,50.99,49,12,4.9,ET,1678227069
186,arman,59.7,150.1667,-9.27,96,72,6.17,RU,1678227069
187,mumford,5.2618,-0.759,80.55,86,99,11.9,GH,1678227070
188,nhulunbuy,-12.2333,136.7667,77.61,83,40,10.36,AU,1678227070
189,port hardy,50.6996,-127.4199,43.83,71,32,13.13,CA,1678227071
190,flinders,-34.5833,150.8552,74.05,62,0,4.0,AU,1678227071
191,ulladulla,-35.35,150.4667,68.88,41,1,8.68,AU,1678227072
192,sept-iles,50.2001,-66.3821,33.06,93,100,4.61,CA,1678226777
193,sinnamary,5.3833,-52.95,77.22,84,100,10.54,GF,1678227072
194,cervia,44.2657,12.3427,55.99,62,100,10.51,IT,1678226992
195,bandarbeyla,9.4942,50.8122,76.5,76,57,9.71,SO,1678227073
196,rakovski,42.3,24.9667,44.46,72,14,2.84,BG,1678227073
197,georgetown,5.4112,100.3354,80.53,65,20,6.91,MY,1678227039
198,lesogorsk,56.0458,99.5136,22.21,92,93,7.65,RU,1678227074
199,lata,40.1629,-8.3327,58.91,89,97,4.63,PT,1678226784
200,kiama,-34.6833,150.8667,74.25,55,0,9.4,AU,1678227075
201,saint-pierre,-21.3393,55.4781,78.48,73,75,2.3,RE,1678226843
202,presidencia roque saenz pena,-26.7852,-60.4388,72.54,89,97,6.04,AR,1678227075
203,kavieng,-2.5744,150.7967,78.28,83,100,5.75,PG,1678227075
204,kismayo,-0.3582,42.5454,77.59,91,70,14.34,SO,1678227076
205,srednekolymsk,67.45,153.6833,-26.66,93,96,6.04,RU,1678227076
206,songjianghe,42.1859,127.479,31.66,84,79,1.61,CN,1678227076
207,gondar,12.6,37.4667,66.27,38,81,5.17,ET,1678227077
208,esperance,-33.8667,121.9,63.27,68,100,4.25,AU,1678227077
209,swan river,52.1058,-101.2676,9.68,82,100,8.12,CA,1678227078
210,whyalla,-33.0333,137.5833,63.54,64,54,14.07,AU,1678227078
211,dakar,14.6937,-17.4441,79.68,72,53,15.21,SN,1678226947
212,mao,39.8885,4.2658,55.96,88,20,8.05,ES,1678227079
213,qaqortoq,60.7167,-46.0333,23.7,80,16,8.41,GL,1678227079
214,guerrero negro,27.9769,-114.0611,61.86,59,31,22.26,MX,1678227079
215,iquira,2.6487,-75.6346,79.99,63,100,1.99,CO,1678227080
216,mareeba,-17.0,145.4333,75.43,95,92,1.01,AU,1678227080
217,niamey,13.5137,2.1098,89.11,9,100,8.16,NE,1678227081
218,khoy,38.5504,44.9535,46.31,33,92,1.39,IR,1678227081
219,savinka,50.0785,47.0994,36.28,70,100,16.08,RU,1678227082
220,vao,-22.6667,167.4833,77.0,59,58,12.17,NC,1678227082
221,qaanaaq,77.484,-69.3632,7.68,92,62,4.92,GL,1678227083
222,bontang,0.1333,117.5,75.83,89,98,4.7,ID,1678226888
223,nanning,22.8167,108.3167,65.17,78,51,7.49,CN,1678227084
224,lavrentiya,65.5833,-171.0,7.38,94,100,5.3,RU,1678227085
225,puri,19.8,85.85,75.72,74,98,5.75,IN,1678227085
226,alta floresta,-9.8756,-56.0861,74.71,96,97,3.44,BR,1678227085
227,niort,46.3333,-0.3333,45.18,93,96,4.0,FR,1678227086
228,west wendover,40.7391,-114.0733,33.01,69,100,6.91,US,1678226518
229,williams lake,52.1415,-122.1445,28.06,58,100,1.99,CA,1678227087
230,tigil,57.8,158.6667,-0.15,100,100,3.06,RU,1678227087
231,coruripe,-10.1256,-36.1756,80.67,76,99,11.81,BR,1678227088
232,dingle,10.9995,122.6711,72.23,95,1,6.93,PH,1678227088
233,kyshtovka,56.555,76.6271,21.69,94,100,11.9,RU,1678227088
234,norrtalje,59.758,18.705,31.01,95,100,14.81,SE,1678227089
235,pedro ii,-4.4247,-41.4586,81.27,38,73,6.93,BR,1678227027
236,ulaangom,49.9811,92.0667,9.59,90,100,3.02,MN,1678227090
237,atar,20.5169,-13.0499,80.65,12,0,9.06,MR,1678227090
238,gat,31.61,34.7642,58.41,77,98,5.06,IL,1678227091
239,eyl,7.9803,49.8164,75.72,79,26,12.8,SO,1678227091
240,thio,-21.6167,166.2167,84.16,70,10,8.7,NC,1678227092
241,rorvik,64.8621,11.2373,19.51,68,0,6.91,NO,1678227092
242,lagoa,39.05,-27.9833,58.64,80,3,37.65,PT,1678227093
243,katobu,-4.9408,122.5276,74.55,91,100,2.98,ID,1678227093
244,birin,26.8865,88.0718,53.17,47,0,4.59,NP,1678227093
245,zorgo,12.2489,-0.6158,89.28,10,95,7.0,BF,1678227094
246,bonavista,48.6499,-53.1147,34.03,95,100,18.95,CA,1678227094
247,evans,33.5337,-82.1307,82.04,33,0,5.01,US,1678227095
248,ayacucho,-13.1583,-74.2239,68.5,54,99,6.24,PE,1678227095
249,jiuquan,39.7432,98.5174,43.75,31,78,7.65,CN,1678227095
250,pisco,-13.7,-76.2167,80.65,65,0,14.97,PE,1678227096
251,lerwick,60.1545,-1.1494,26.6,62,65,13.58,GB,1678227096
252,port macquarie,-31.4333,152.9167,75.79,55,45,0.83,AU,1678227096
253,rolla,37.9514,-91.7713,51.94,54,0,10.36,US,1678227097
254,chokurdakh,70.6333,147.9167,-38.74,100,58,2.51,RU,1678227097
255,walvis bay,-22.9575,14.5053,61.09,75,0,12.15,NA,1678227097
256,gamba,-2.65,10.0,79.79,81,99,4.7,GA,1678227098
257,goure,13.9835,10.2704,83.73,10,77,8.63,NE,1678226824
258,shenjiamen,29.9576,122.298,54.43,91,100,15.9,CN,1678227098
259,vagay,57.9375,69.0217,22.23,97,100,2.8,RU,1678227099
260,evensk,61.95,159.2333,4.77,97,100,4.0,RU,1678226808
261,dunedin,-45.8742,170.5036,71.08,70,91,1.63,NZ,1678226848
262,saldanha,-33.0117,17.9442,62.06,89,31,13.8,ZA,1678227099
263,mecca,21.4267,39.8261,78.51,50,100,3.04,SA,1678227100
264,auki,-8.7676,160.7034,80.04,85,100,3.11,SB,1678227100
265,sao geraldo do araguaia,-6.4006,-48.555,76.28,94,93,2.64,BR,1678227101
266,aquiraz,-3.9014,-38.3911,83.17,84,19,9.66,BR,1678227101
267,novyy urengoy,66.0833,76.6333,-0.98,95,98,15.17,RU,1678227101
268,provost,52.3501,-110.2683,13.59,89,100,13.69,CA,1678227102
269,alibag,18.6411,72.8792,82.47,60,39,6.02,IN,1678227102
270,tomatlan,19.9333,-105.25,85.91,37,52,9.69,MX,1678227102
271,banjar,-8.19,114.9675,75.43,89,85,2.53,ID,1678227103
272,saskylakh,71.9167,114.0833,-12.46,95,100,6.91,RU,1678227103
273,shuiji,27.4214,118.345,54.72,66,50,2.1,CN,1678227103
274,dombarovskiy,50.7587,59.5386,8.26,98,37,6.38,RU,1678227104
275,jitotol,17.0333,-92.8667,70.63,41,94,4.38,MX,1678227104
276,luwuk,-0.9516,122.7875,76.01,88,61,3.96,ID,1678227104
277,kinkala,-4.3614,14.7644,73.6,77,100,2.06,CG,1678227105
278,paulo afonso,-9.4061,-38.2147,84.7,40,31,16.75,BR,1678227105
279,port moresby,-9.4431,147.1797,80.15,72,49,5.68,PG,1678227105
280,coquimbo,-29.9533,-71.3436,69.53,73,0,9.22,CL,1678227106
281,padang,-0.9492,100.3543,75.25,85,45,4.41,ID,1678227106
282,gabu,12.2833,-14.2167,86.99,12,93,4.56,GW,1678227106
283,chuy,-33.6971,-53.4616,74.97,85,20,5.66,UY,1678227107
284,camana,-16.6228,-72.7111,76.24,78,65,3.71,PE,1678227107
285,necochea,-38.5473,-58.7368,68.92,83,98,10.25,AR,1678227108
286,ahipara,-35.1667,173.1667,69.24,57,1,3.02,NZ,1678227108
287,palmer,42.1584,-72.3287,35.92,53,100,8.01,US,1678227108
288,carroll,39.5501,-77.0164,49.08,29,0,14.0,US,1678227109
289,rondonopolis,-16.4708,-54.6356,78.06,87,100,4.94,BR,1678227109
290,santa vitoria do palmar,-33.5189,-53.3681,75.24,83,19,6.26,BR,1678227110
291,egvekinot,66.3167,-179.1667,-6.66,83,100,8.9,RU,1678227110
292,kununurra,-15.7667,128.7333,76.98,100,100,0.0,AU,1678227110
293,tucurui,-3.7661,-49.6725,76.14,95,99,3.76,BR,1678227111
294,san andres,12.5847,-81.7006,84.22,61,20,12.66,CO,1678227111
295,nome,64.5011,-165.4064,34.16,100,100,18.41,US,1678227005
296,sitka,57.0531,-135.33,39.09,26,20,16.11,US,1678227111
297,pyu,18.4833,96.4333,68.85,50,0,2.28,MM,1678227112
298,lakhimpur,27.95,80.7667,65.84,29,99,2.62,IN,1678227112
299,sao jose da coroa grande,-8.8978,-35.1478,80.44,78,100,11.23,BR,1678227113
300,lock haven,41.137,-77.4469,41.49,77,7,14.92,US,1678226561
301,sisimiut,66.9395,-53.6735,25.75,68,12,6.73,GL,1678227113
302,prince rupert,54.3161,-130.3201,30.65,56,100,3.15,CA,1678226817
303,oranjemund,-28.55,16.4333,62.76,90,6,7.09,NA,1678227114
304,kenitra,34.261,-6.5802,56.16,95,25,3.85,MA,1678227114
305,procida,40.7569,14.0144,54.68,82,90,3.0,IT,1678227114
306,alofi,-19.0595,-169.9187,76.89,91,100,10.65,NU,1678227114
307,tabou,4.423,-7.3528,80.65,85,99,8.81,CI,1678227115
308,monrovia,6.3005,-10.7969,78.57,85,97,8.72,LR,1678227115
309,finnsnes,69.2296,17.9811,2.75,95,61,5.55,NO,1678227116
310,kayerkan,69.3497,87.7602,-22.49,74,97,4.47,RU,1678227116
311,hovd,48.0056,91.6419,33.28,27,99,8.16,MN,1678227116
312,damghan,36.1683,54.348,49.98,67,30,5.44,IR,1678227117
313,waipawa,-41.4122,175.5153,65.01,70,48,7.49,NZ,1678227117
314,ghugus,19.9333,79.1333,71.53,51,0,3.65,IN,1678227117
315,troitsko-pechorsk,62.7084,56.1964,7.38,89,100,5.1,RU,1678227118
316,komyshuvakha,47.7176,35.5288,41.81,91,100,5.59,UA,1678227118
317,bad mergentheim,49.4925,9.7736,41.38,65,75,18.41,DE,1678227118
318,poya,-21.35,165.15,80.17,66,16,6.08,NC,1678227119
319,ayan,56.45,138.1667,3.54,84,100,4.16,RU,1678227119
320,puerto narino,-3.7703,-70.3831,79.68,87,96,1.74,CO,1678227119
321,mozarlandia,-14.7447,-50.5706,77.99,81,84,4.7,BR,1678227120
322,roald,62.5833,6.1333,28.54,74,75,5.75,NO,1678227120
323,kot diji,27.3427,68.7083,69.82,30,0,7.07,PK,1678227120
324,diego de almagro,-26.3667,-70.05,74.48,45,28,9.37,CL,1678227121
325,berdigestyakh,62.0989,126.6992,-30.68,100,100,2.37,RU,1678227121
326,broken hill,-31.95,141.4333,59.59,59,0,8.41,AU,1678227122
327,svetlogorsk,52.6333,29.7333,29.91,81,96,10.74,BY,1678227122
328,tateyama,34.9833,139.8667,57.27,61,0,8.43,JP,1678227123
329,high rock,26.6208,-78.2833,80.62,69,3,12.37,BS,1678227123
330,aswan,24.0934,32.907,67.82,19,0,13.09,EG,1678227124
331,obihiro,42.9172,143.2044,35.56,77,38,0.56,JP,1678227124
332,marawi,7.9986,124.2928,67.75,97,75,1.54,PH,1678227124
333,mocorito,25.4833,-107.9167,83.21,10,98,7.49,MX,1678227125
334,canon city,38.441,-105.2424,58.62,74,100,3.44,US,1678227125
335,suntar,62.1444,117.6319,-6.05,92,100,8.14,RU,1678227125
336,trinidad,-14.8333,-64.9,87.78,70,75,8.05,BO,1678226976
337,gimli,50.6336,-96.9907,8.74,80,100,9.82,CA,1678227126
338,filingue,14.3521,3.3168,88.34,9,100,9.17,NE,1678227126
339,deder,9.3167,41.45,59.34,43,3,3.24,ET,1678227127
340,vilcun,-38.65,-72.2333,63.34,67,100,5.21,CL,1678227127
341,gayny,60.3071,54.3241,4.53,100,100,3.09,RU,1678227128
342,peruibe,-24.32,-46.9983,77.9,85,45,7.4,BR,1678227128
343,batagay,67.6333,134.6333,-29.02,100,96,2.73,RU,1678227129
344,ancud,-41.8697,-73.8203,58.89,66,75,5.55,CL,1678226895
345,kirakira,-10.4544,161.9205,82.69,76,100,0.72,SB,1678227129
346,rincon,32.296,-81.2354,84.16,43,1,1.01,US,1678227130
347,norfolk,42.1668,-71.2495,36.01,63,100,8.01,US,1678226431
348,jiblah,13.9216,44.1467,58.33,52,35,5.46,YE,1678227130
349,comrat,46.3003,28.6572,46.09,66,76,4.29,MD,1678227131
350,olga,43.7444,135.2892,33.96,82,91,7.36,RU,1678227131
351,codrington,-38.2667,141.9667,54.25,63,100,11.65,AU,1678227132
352,aklavik,68.2191,-135.0107,-2.56,89,23,18.63,CA,1678227132
353,vaitape,-16.5167,-151.75,82.02,73,94,14.27,PF,1678227132
354,port lincoln,-34.7333,135.8667,63.45,74,96,17.34,AU,1678227133
355,torbay,47.6666,-52.7314,35.28,95,100,17.27,CA,1678227134
356,chifeng,42.2683,118.9636,30.97,50,3,2.75,CN,1678227134
357,leningradskiy,69.3833,178.4167,-23.19,95,62,2.71,RU,1678227135
358,praya,14.9215,-23.5087,77.54,38,20,9.22,CV,1678227135
359,yatou,37.15,122.3833,45.32,84,81,9.42,CN,1678227136
360,tonj,7.2737,28.6822,87.6,29,66,0.56,SS,1678227136
361,santa cruz,-17.8,-63.1667,82.45,78,75,11.5,BO,1678226997
362,beloha,-25.1667,45.05,73.06,94,100,12.37,MG,1678227137
363,mount gambier,-37.8333,140.7667,53.8,58,100,9.28,AU,1678227137
364,lansdale,40.2415,-75.2838,45.48,36,0,18.41,US,1678227138
365,panaba,21.2833,-88.2667,88.2,38,57,18.99,MX,1678227138
366,general pico,-35.6566,-63.7568,89.96,20,0,7.45,AR,1678227139
367,tahta,26.7693,31.5021,61.83,30,0,7.0,EG,1678227139
368,havelock,34.8791,-76.9013,70.0,53,5,4.0,US,1678227139
369,los llanos de aridane,28.6585,-17.9182,61.12,91,0,8.05,ES,1678227140
370,erenhot,43.6475,111.9767,33.1,47,42,8.81,CN,1678227140
371,olafsvik,64.8945,-23.7142,21.18,67,100,34.72,IS,1678226878
372,kruisfontein,-34.0033,24.7314,65.75,95,88,10.51,ZA,1678227141
373,poum,-20.2333,164.0167,80.94,70,5,20.51,NC,1678227141
374,berlevag,70.8578,29.0864,17.6,79,40,24.16,NO,1678227142
375,shizukuishi,39.6833,140.9833,38.61,95,87,3.09,JP,1678227143
376,pringsewu,-5.3582,104.9744,72.09,97,58,0.63,ID,1678227143
377,turkistan,43.0,68.0,56.19,58,100,13.6,KZ,1678227144
378,haines junction,60.7522,-137.5108,22.89,88,100,4.05,CA,1678227144
379,brandfort,-28.7001,26.4597,63.64,79,96,13.33,ZA,1678227144
380,talnakh,69.4865,88.3972,-21.8,94,96,2.1,RU,1678227145
381,yulara,-25.2406,130.9889,64.4,37,0,12.19,AU,1678227146
382,narasannapeta,18.4167,84.05,73.36,70,90,2.19,IN,1678227146
383,totma,59.9747,42.7642,2.64,100,94,3.15,RU,1678227147
384,arraial do cabo,-22.9661,-42.0278,78.66,78,20,13.8,BR,1678226936
385,suraabad,40.8192,49.4687,42.73,71,76,10.22,AZ,1678227147
386,gallup,35.5281,-108.7426,55.24,16,0,17.27,US,1678226900
387,pitalito,1.8497,-76.0479,71.47,86,100,2.62,CO,1678227148
388,port elizabeth,-33.918,25.5701,71.31,92,77,5.01,ZA,1678227148
389,plettenberg bay,-34.0527,23.3716,64.06,93,28,5.39,ZA,1678227149
390,natal,-5.795,-35.2094,81.25,89,20,5.75,BR,1678227149
391,kahului,20.8947,-156.47,81.97,62,20,26.46,US,1678227150
392,terrace bay,48.7834,-87.1,29.23,87,79,2.35,CA,1678227150
393,naze,28.3667,129.4833,59.41,68,11,4.9,JP,1678227151
394,bilibino,68.0546,166.4372,-15.95,78,33,3.33,RU,1678227151
395,hobyo,5.3505,48.5268,78.53,76,28,15.26,SO,1678227152
396,bethanien,-26.502,17.1583,61.92,37,0,6.58,NA,1678227152
397,koutiala,12.3917,-5.4642,86.2,12,89,10.51,ML,1678227153
398,caramay,10.1815,119.236,74.46,90,1,5.73,PH,1678227153
399,timbiqui,2.7717,-77.6654,77.92,87,100,3.36,CO,1678227153
400,linjiang,41.8069,126.9078,36.41,86,88,1.12,CN,1678227154
401,nizhniy baskunchak,48.2198,46.8311,35.46,69,57,15.1,RU,1678227154
402,portland,45.5234,-122.6762,51.46,68,75,3.0,US,1678226795
403,gobabis,-22.45,18.9667,72.1,24,83,5.08,NA,1678227155
404,noumea,-22.2763,166.4572,84.18,99,14,9.37,NC,1678227155
405,almenara,-16.1836,-40.6944,79.5,70,83,5.1,BR,1678226882
406,timiryazevskiy,56.49,84.8769,27.09,79,100,8.75,RU,1678227156
407,hambantota,6.1241,81.1185,75.54,100,0,5.75,LK,1678227156
408,colares,38.7992,-9.4469,61.79,96,99,20.0,PT,1678227156
409,isla mujeres,21.2311,-86.731,84.16,64,43,9.13,MX,1678227157
410,mendoza,-32.8908,-68.8272,86.88,26,0,8.14,AR,1678227157
411,pangnirtung,66.1451,-65.7125,27.7,78,100,6.67,CA,1678227157
412,vung tau,10.346,107.0843,73.72,75,89,14.47,VN,1678227158
413,laguna,38.421,-121.4238,57.02,47,40,6.91,US,1678227158
414,salalah,17.0151,54.0924,77.09,38,0,3.44,OM,1678227159
415,labuhan,-6.8844,112.2051,75.83,88,97,4.83,ID,1678227159
416,mayo,38.8876,-76.5119,52.39,28,0,23.02,US,1678227159
417,quatre cocos,-20.2078,57.7625,75.09,83,84,13.35,MU,1678227160
418,luderitz,-26.6481,15.1594,61.0,89,0,8.57,NA,1678227160
419,hima,0.2958,30.1804,73.81,56,90,0.65,UG,1678227160
420,esmeralda,21.8525,-78.1169,82.74,38,0,11.92,CU,1678227161
421,pimentel,-6.8367,-79.9342,82.69,61,75,13.8,PE,1678227161
422,coihaique,-45.5752,-72.0662,55.35,54,75,6.91,CL,1678227162
423,udachnyy,66.4167,112.4,-8.55,69,100,6.24,RU,1678227162
424,vardo,70.3705,31.1107,8.58,72,61,19.57,NO,1678227162
425,sabang,5.8933,95.3214,81.59,71,1,18.37,ID,1678227163
426,jonesboro,35.8423,-90.7043,56.97,60,0,20.0,US,1678226925
427,pevek,69.7008,170.3133,-28.12,95,10,1.28,RU,1678227163
428,labytnangi,66.6572,66.4183,-21.95,90,10,5.21,RU,1678227163
429,la ronge,55.1001,-105.2842,11.43,82,98,8.32,CA,1678227164
430,mbekenyera,-10.0,38.9833,69.67,98,95,4.03,TZ,1678227164
431,opuwo,-18.0607,13.84,68.0,39,20,6.64,NA,1678227165
432,horta,38.5333,-28.6333,60.03,83,32,25.01,PT,1678227165
433,halifax,44.6453,-63.5724,34.68,78,100,11.01,CA,1678226915
434,male,4.1748,73.5089,81.21,78,8,13.2,MV,1678227166
435,san quintin,30.4833,-115.95,58.51,61,92,21.79,MX,1678227166
436,banda aceh,5.5577,95.3222,76.78,84,8,11.27,ID,1678227166
437,nantucket,41.2835,-70.0995,39.34,68,95,22.84,US,1678226982
438,madhogarh,26.276,79.1869,69.4,32,86,1.97,IN,1678227167
439,petropavlovka,50.6114,105.3196,16.41,87,58,5.82,RU,1678227167
440,carutapera,-1.195,-46.02,76.37,93,98,8.39,BR,1678227167
441,mbale,1.0821,34.175,71.73,47,29,2.73,UG,1678227168
442,omboue,-1.5746,9.2618,79.45,87,80,5.3,GA,1678227168
443,puerto leguizamo,-0.1934,-74.7819,81.68,79,96,1.99,CO,1678227169
444,galbshtadt,53.2264,78.9845,38.03,100,100,22.17,RU,1678227169
445,guerande,47.3291,-2.4283,49.59,95,100,18.23,FR,1678227169
446,altamirano,16.8833,-92.15,70.81,37,94,5.44,MX,1678227170
447,san cristobal,7.7669,-72.225,75.38,54,99,1.36,VE,1678227170
448,lakatoro,-16.0999,167.4164,82.2,77,48,6.96,VU,1678227170
449,hanyang,32.1371,105.5126,52.45,78,99,0.83,CN,1678227171
450,luan,46.3592,6.9759,33.37,91,88,3.29,CH,1678227171
451,pochutla,15.7432,-96.4661,90.82,49,100,8.03,MX,1678227171
452,sao joao da barra,-21.6403,-41.0511,80.69,85,34,18.19,BR,1678227067
453,meulaboh,4.1363,96.1285,76.46,86,85,2.46,ID,1678227172
454,garowe,8.4054,48.4845,69.17,80,7,12.71,SO,1678227173
455,joensuu,62.6012,29.7632,-3.51,82,100,2.3,FI,1678227173
456,rodrigues alves,-7.738,-72.6509,84.0,68,100,3.58,BR,1678227173
457,creel,27.75,-107.6333,66.96,11,91,16.78,MX,1678227174
458,nenjiang,49.1833,125.2167,0.25,99,17,1.9,CN,1678227174
459,rocha,-34.4833,-54.3333,74.75,80,76,6.87,UY,1678227174
460,hofn,64.2539,-15.2082,23.05,65,11,30.22,IS,1678227175
461,dongsheng,39.8161,109.9776,34.7,53,3,6.42,CN,1678227175
462,kamenka,51.3223,42.7678,31.89,97,100,13.73,RU,1678227176
463,ossora,59.2353,163.0719,5.5,90,98,3.65,RU,1678227176
464,bahia honda,22.9036,-83.1592,80.31,56,19,12.26,CU,1678227176
465,amatitan,20.8333,-103.7167,93.33,8,89,5.53,MX,1678227177
466,listvyanskiy,54.4399,83.4984,32.67,97,100,20.87,RU,1678227177
467,cody,44.5263,-109.0565,31.64,48,100,11.5,US,1678227177
468,myaundzha,63.0494,147.1858,-18.08,100,99,0.76,RU,1678227178
469,kerema,-7.9631,145.7785,81.48,70,90,3.09,PG,1678227178
470,shimoda,34.6667,138.95,55.11,56,0,7.78,JP,1678227178
471,koumac,-20.5667,164.2833,80.62,70,13,3.62,NC,1678227179
472,akureyri,65.6835,-18.0878,14.02,96,100,11.92,IS,1678227179
473,vila,42.0304,-8.1588,46.71,71,96,7.43,PT,1678227179
474,tigzirt,36.8886,4.1198,58.21,85,47,10.89,DZ,1678227180
475,borujerd,33.8973,48.7516,50.2,83,99,5.44,IR,1678227180
476,ilulissat,69.2167,-51.1,33.82,32,32,40.29,GL,1678227181
477,bolobo,-2.1667,16.2333,73.06,92,100,3.85,CD,1678227181
478,xuddur,4.1213,43.8894,74.64,74,26,16.78,SO,1678227182
479,manicore,-5.8092,-61.3003,74.44,99,100,2.17,BR,1678227182
480,tukan,53.8409,57.4552,12.76,97,100,4.59,RU,1678227182
481,quelimane,-17.8786,36.8883,72.25,93,49,5.06,MZ,1678227183
482,puerto carreno,6.189,-67.4859,93.6,39,94,11.27,CO,1678227183
483,san isidro,-12.1167,-77.05,78.39,69,0,10.36,PE,1678227184
484,ukmerge,55.25,24.75,32.68,97,100,20.04,LT,1678227184
485,ostersund,63.1792,14.6357,12.65,85,75,5.75,SE,1678227184
486,port augusta,-32.5,137.7667,63.25,53,34,4.23,AU,1678227185
487,makakilo city,21.3469,-158.0858,77.32,57,100,16.11,US,1678227185
488,dongtai,32.8523,120.3095,53.65,61,100,7.49,CN,1678227186
489,komsomolskiy,40.4272,71.7189,50.72,71,100,6.91,UZ,1678227186
490,ilhabela,-23.7781,-45.3581,74.93,91,98,9.04,BR,1678227187
491,grand-santi,4.25,-54.3833,74.05,91,100,2.66,GF,1678227187
492,cuenca,-2.8833,-78.9833,60.58,87,98,1.52,EC,1678226959
493,swan hill,-35.3378,143.5544,59.49,70,100,9.26,AU,1678226950
494,vila do maio,15.1333,-23.2167,77.79,79,0,10.58,CV,1678227188
495,zhangye,38.9342,100.4517,41.92,35,68,2.68,CN,1678227189
496,jaguarao,-32.5661,-53.3758,77.23,75,44,7.78,BR,1678227189
497,huicheng,23.0385,116.2899,58.91,88,4,3.53,CN,1678227190
498,praia da vitoria,38.7333,-27.0667,59.76,89,14,32.37,PT,1678227190
499,geraldton,-28.7667,114.6,70.21,88,0,8.05,AU,1678227191
500,jhargram,22.45,86.9833,74.07,42,82,0.6,IN,1678227191
501,marsh harbour,26.5412,-77.0636,77.13,71,0,12.59,BS,1678227192
502,rovaniemi,66.5,25.7167,4.41,92,99,1.14,FI,1678227193
503,agdam,39.991,46.9274,40.68,90,78,1.61,AZ,1678227193
504,novobessergenevka,47.1847,38.8462,42.19,87,100,15.48,RU,1678227194
505,aleksandrov gay,50.147,48.5704,34.36,70,97,10.85,RU,1678227194
506,durusu,41.3053,28.6767,53.83,80,77,4.0,TR,1678227195
507,springfield,37.2153,-93.2982,58.53,52,100,13.0,US,1678226439
508,krasnyy luch,48.1395,38.9371,39.54,96,100,17.69,UA,1678227195
509,griffith,41.5284,-87.4237,45.12,60,0,13.8,US,1678227196
510,soverato,38.685,16.5499,51.75,80,9,11.77,IT,1678227196
511,tigre,-34.426,-58.5796,87.28,68,78,3.0,AR,1678227197
512,barcelos,41.5388,-8.6151,57.34,86,98,8.9,PT,1678227197
513,abu dhabi,24.4667,54.3667,75.94,67,2,0.0,AE,1678226999
514,manchar,19.0,73.9333,69.67,47,1,0.85,IN,1678227198
515,vestmannaeyjar,63.4427,-20.2734,22.59,56,27,18.21,IS,1678227198
516,hornepayne,49.2138,-84.7705,28.51,85,93,5.75,CA,1678227198
517,seminole,28.7086,-81.2081,87.89,52,59,4.0,US,1678227199
518,cockburn town,21.4612,-71.1419,76.57,65,0,6.38,TC,1678227199
519,lompoc,34.6391,-120.4579,63.7,60,5,5.99,US,1678227200
520,maba,24.6841,113.5984,61.25,55,4,2.71,CN,1678227200
521,kindu,-2.95,25.95,72.28,91,80,3.47,CD,1678227201
522,tautira,-17.7333,-149.15,79.54,81,16,13.04,PF,1678227201
523,mananjary,-21.2167,48.3333,76.57,93,74,2.37,MG,1678227202
524,vostok,46.4856,135.8833,23.74,97,100,4.76,RU,1678227202
525,nevers,46.9167,3.3333,31.51,93,78,4.7,FR,1678227202
526,sal rei,16.1833,-22.9167,70.75,83,0,12.86,CV,1678227203
527,sechura,-5.5569,-80.8222,80.2,73,98,11.97,PE,1678227203
528,moranbah,-22.0016,148.0466,76.3,77,93,7.61,AU,1678227204
529,iwanai,42.9744,140.5089,38.08,83,59,8.28,JP,1678227204
530,carthage,36.8611,10.3316,58.53,67,20,5.75,TN,1678227205
531,pionerskiy,54.9508,20.2275,33.64,78,75,30.82,RU,1678227205
532,mago,53.2514,140.1822,-2.47,100,99,0.96,RU,1678227141
533,butembo,0.15,29.2833,63.5,65,56,4.29,CD,1678227206
534,krasnaya gora,52.9995,31.6023,26.82,93,99,8.99,RU,1678227206
535,benidorm,38.5382,-0.131,64.31,64,14,8.66,ES,1678227207
536,mandan,46.8267,-100.8896,11.8,85,100,13.8,US,1678227089
537,talara,-4.5772,-81.2719,83.16,74,0,11.5,PE,1678227207
538,mehamn,71.0357,27.8492,17.55,86,40,21.85,NO,1678227208
539,paita,-5.0892,-81.1144,76.64,86,100,9.95,PE,1678227208
540,iqaluit,63.7506,-68.5145,16.7,92,23,3.6,CA,1678227208
541,kokkola,63.8385,23.1307,17.04,87,100,6.91,FI,1678227209
542,jiexiu,37.0244,111.9125,50.65,27,0,6.42,CN,1678227210
543,freeport,40.6576,-73.5832,45.01,43,17,11.01,US,1678227091
544,imeni stepana razina,54.8932,44.2963,23.95,94,100,11.54,RU,1678227210
545,alyangula,-13.8483,136.4192,81.43,73,100,19.64,AU,1678227211
546,rabo de peixe,37.8,-25.5833,60.31,88,20,17.27,PT,1678227211
547,deputatskiy,69.3,139.9,-29.15,100,94,2.44,RU,1678227211
548,safita,34.8205,36.1153,50.43,75,100,3.11,SY,1678227212
549,osakarovka,50.565,72.5692,30.36,91,100,25.48,KZ,1678227212
550,henties bay,-22.116,14.2845,62.87,83,0,8.37,NA,1678227213
551,pedernales,18.0384,-71.744,79.16,68,13,7.27,DO,1678227213
552,paamiut,61.994,-49.6678,29.3,84,91,13.6,GL,1678227213
553,neuquen,-38.9516,-68.0591,86.11,22,17,10.36,AR,1678227214
554,liverpool,53.4106,-2.9779,32.83,80,0,3.44,GB,1678226694
555,new haven,41.4001,-72.9329,39.04,50,100,38.99,US,1678227202
556,lazaro cardenas,17.9583,-102.2,81.12,64,40,13.29,MX,1678227089
557,simpang,-1.2667,104.0833,72.82,98,79,1.97,ID,1678227215
558,bridlington,54.0831,-0.1919,31.89,82,44,1.99,GB,1678227215
559,jiwani,25.05,61.7417,75.15,67,0,7.29,PK,1678227216
560,jardim,-21.4803,-56.1381,78.57,84,72,4.18,BR,1678227216
561,tahe,52.3333,124.7333,1.6,98,63,3.31,CN,1678227217
562,yenagoa,4.9247,6.2642,79.05,88,57,5.82,NG,1678227217
563,pimenteiras,-6.2453,-41.4192,83.43,35,8,4.94,BR,1678227220
564,rockhampton,-23.3833,150.5,80.49,74,39,4.61,AU,1678227004
565,krabi,8.0726,98.9105,74.05,88,0,6.71,TH,1678227221
566,kidal,18.4411,1.4078,78.8,7,94,11.25,ML,1678227221
567,guardiagrele,42.1954,14.2198,52.07,58,99,3.0,IT,1678227221
568,san francisco,37.7749,-122.4194,56.95,64,75,11.01,US,1678226400
